{"cameraMode":{"drawMode":0,"name":"Shaded","section":"Shading Mode"},"sceneLighting":false,"audioPlay":false,"sceneViewState":{"m_AlwaysRefresh":false,"showFog":true,"showSkybox":false,"showFlares":true,"showImageEffects":true,"showParticleSystems":true,"showVisualEffectGraphs":true,"m_FxEnabled":true},"in2DMode":false,"pivot":{"x":0.16220760345458985,"y":0.8272414803504944,"z":-0.14442777633666993},"rotation":{"x":0.020204460248351098,"y":-0.9360846877098084,"z":0.05360918864607811,"w":0.347463995218277},"size":3.1653378009796144,"orthographic":false}